{
  "{asid}": {
    "profileList": ["AsidAuthorities","AsidExecutives","AsidLicenseOwner","Public"],
    "useCaseMap": {}
  },
  "*": {
    "profileList": ["Authorities","Executives","AwidLicenseOwner","Public","Authenticated","AwidInitiator","authorities","executives"],
    "useCaseMap": {
      "sys/uuAppWorkspace/init": {
        "sysStateList": ["created","assigned"],
        "profileList": ["AwidLicenseOwner","AwidInitiator"]
      },
      "sys/uuAppWorkspace/load": {
        "sysStateList": ["active"],
        "profileList": ["Authenticated"]
      },
      "sys/uuAppWorkspace/loadBasicData": {
        "sysStateList": ["active"],
        "profileList": ["Public"]
      },
      "defaultUve": {
        "profileList": ["Public"]
      },
      "sys/uuAppWorkspace/initUve": {
        "sysStateList": ["created"],
        "profileList": ["Public","AwidLicenseOwner"]
      },
      "list/create": {
        "sysStateList": ["active"],
        "profileList": ["Authorities"]
      },
      "list/get": {
        "sysStateList": ["active"],
        "profileList": ["Authorities","Executives"]
      },
      "list/delete": {
        "sysStateList": ["active"],
        "profileList": ["Authorities"]
      },
      "list/update": {
        "sysStateList": ["active"],
        "profileList": ["Authorities"]
      },
      "list/list": {
        "sysStateList": ["active"],
        "profileList": ["Authorities","Executives"]
      },
      "item/create": {
        "sysStateList": ["active"],
        "profileList": ["Authorities","Executives"]
      },
      "item/update": {
        "sysStateList": ["active"],
        "profileList": ["Authorities","Executives"]
      },
      "item/delete": {
        "sysStateList": ["active"],
        "profileList": ["Authorities","Executives"]
      }
    }
  }
}
