{
  "uu5loaderg01_initUuAppDisabled": false,
  "uu_app_oidc_providers_oidcg02_uri": "https://uuapp-dev.plus4u.net/uu-oidc-maing02/eca71064ecce44b0a25ce940eb8f053d/oidc",
  "uu5g05_libraryRegistryBaseUri": "https://uuapp-dev.plus4u.net/uu-applibraryregistry-maing01/000008ad5570455e83857a394f9a21c9",
  "uu5g05_plus4UGoBaseUri": "https://uuapp-dev.plus4u.net/uu-plus4ugo-maing01/00000c3f57074bfcb759aba2d562e013",
  "uu_plus4u5g02_identityManagementBaseUri": "https://uuapp-dev.plus4u.net/uu-identitymanagement-maing01/58ceb15c275c4b31bfe0fc9768aa6a9c",
  "uu_plus4u5g02_commonServicesBaseUri": "https://uuapp-dev.plus4u.net/uu-commonservices-maing01/00000b33c474420aa887c972097b8024",
  "uu_plus4u5g02_peopleBaseUri": "https://uuapp-dev.plus4u.net/uu-plus4upeople-maing01/0000004723544d1ab0b74000d9f7671c",
  "uu_plus4u5g02_organizationBaseUri": "https://uuapp-dev.plus4u.net/uu-plus4uorganization-maing01/00000e17cfda49f49db73ed53ac8e4cf",
  "uu_plus4u5g02_uuApp": {
    "name": "uuShopping"
  },
  "uu5g05_trustedUriRegExp": "^https?://localhost(:[0-9]+)?/|^https://([a-z][a-z0-9\\-]{0,61}[a-z0-9][.]|[a-z][.])?plus4u[.]net(:[0-9]+)?(?=[/#?]|$)"
}