{
  "{vendor}-{uuApp}-{uuSubApp}": {
    "useCaseMap": {
      "sys/uuAppWorkspace/init": {
        "realization": "api/controllers/ShoppingMainController.init",
        "httpMethod": "POST",
        "type": "CMD"
      },
      "sys/uuAppWorkspace/load": {
        "realization": "api/controllers/ShoppingMainController.load",
        "httpMethod": "GET",
        "type": "CMD"
      },
      "sys/uuAppWorkspace/loadBasicData": {
        "realization": "api/controllers/ShoppingMainController.loadBasicData",
        "httpMethod": "GET",
        "type": "CMD"
      },
      "defaultUve": {
        "realization": "index.html",
        "httpMethod": "GET",
        "type": "UVE"
      },
      "sys/uuAppWorkspace/initUve": {
        "realization": "index.html",
        "httpMethod": "GET",
        "type": "UVE"
      },
      "list/create": {
        "realization": "api/controllers/ListController.create",
        "httpMethod": "POST",
        "type": "CMD"
      },
      "list/get": {
        "realization": "api/controllers/ListController.get",
        "httpMethod": "GET",
        "type": "CMD"
      },
      "list/delete": {
        "realization": "api/controllers/ListController.delete",
        "httpMethod": "POST",
        "type": "CMD"
      },
      "list/update": {
        "realization": "api/controllers/ListController.update",
        "httpMethod": "POST",
        "type": "CMD"
      },
      "list/list": {
        "realization": "api/controllers/ListController.list",
        "httpMethod": "GET",
        "type": "CMD"
      },
      "item/create": {
        "realization": "api/controllers/ListController.createItem",
        "httpMethod": "POST",
        "type": "CMD"
      },
      "item/update": {
        "realization": "api/controllers/ListController.updateItem",
        "httpMethod": "POST",
        "type": "CMD"
      },
      "item/delete": {
        "realization": "api/controllers/ListController.deleteItem",
        "httpMethod": "POST",
        "type": "CMD"
      }
    }
  }
}
