[
    {
        "id": "11",
        "name": "Fruit list",
        "owner": "9957-2503-7732-0000",
        "ownerName": "Tomáš Blažek",
        "user": [
            "9957-2503-7732-003",
            "9957-2635-6563"
        ],
        "archived": true,
        "itemList": [
            {
                "name": "apple",
                "amount": 5,
                "id": 1,
                "resolved": false
            },
            {
                "name": "pear",
                "amount": 2,
                "id": 4,
                "resolved": false
            },
            {
                "name": "pineapple",
                "amount": 1,
                "id": 5,
                "resolved": true
            },
            {
                "name": "banana",
                "amount": 3,
                "id": 2,
                "resolved": false
            },
            {
                "name": "orange",
                "amount": 4,
                "id": 3,
                "resolved": true
            }
        ]
    },
    {
        "id": "12",
        "name": "Fruit list2",
        "owner": "9957-2503-7732-0000",
        "ownerName": "Tomáš Blažek",
        "user": [
            "9957-2503-7732-003"
        ],
        "archived": false,
        "itemList": [
            {
                "name": "apple",
                "amount": 5,
                "id": 1,
                "resolved": false
            },
            {
                "name": "pear",
                "amount": 2,
                "id": 4,
                "resolved": false
            },
            {
                "name": "pineapple",
                "amount": 1,
                "id": 5,
                "resolved": true
            },
            {
                "name": "banana",
                "amount": 3,
                "id": 2,
                "resolved": false
            },
            {
                "name": "orange",
                "amount": 4,
                "id": 3,
                "resolved": true
            }
        ]
    },
    {
        "id": "13",
        "name": "Vegetable list",
        "owner": "9957-2635-6563",
        "ownerName": "John Doe",
        "user": [
            "9957-2503-7732-0000",
            "9957-2635-6563"
        ],
        "archived": false,
        "itemList": [
            {
                "name": "carrot",
                "amount": 5,
                "id": 1,
                "resolved": false
            },
            {
                "name": "potato",
                "amount": 3,
                "id": 2,
                "resolved": false
            },
            {
                "name": "tomato",
                "amount": 7,
                "id": 3,
                "resolved": true
            },
            {
                "name": "cucumber",
                "amount": 2,
                "id": 4,
                "resolved": false
            },
            {
                "name": "onion",
                "amount": 1,
                "id": 5,
                "resolved": true
            }
        ]
    },
    {
        "id": "14",
        "name": "Vegetable list2",
        "owner": "9957-2635-6563",
        "ownerName": "John Doe",
        "user": [
            "9957-2503-7732-0003",
            "9957-2635-6563"
        ],
        "archived": false,
        "itemList": [
            {
                "name": "carrot",
                "amount": 5,
                "id": 1,
                "resolved": false
            },
            {
                "name": "potato",
                "amount": 3,
                "id": 2,
                "resolved": false
            },
            {
                "name": "tomato",
                "amount": 7,
                "id": 3,
                "resolved": true
            },
            {
                "name": "cucumber",
                "amount": 2,
                "id": 4,
                "resolved": false
            },
            {
                "name": "onion",
                "amount": 1,
                "id": 5,
                "resolved": true
            }
        ]
    },
    {
        "id": "15",
        "name": "Moto list",
        "owner": "9957-2635-6563",
        "ownerName": "John Doe",
        "user": [
            "9957-2503-7732-0000"
        ],
        "archived": false,
        "itemList": [
            {
                "name": "Honda",
                "amount": 5,
                "id": 1,
                "resolved": false
            }
        ]
    },
    {
        "id": "16",
        "name": "Drogery list",
        "owner": "9957-2503-7732-0000",
        "ownerName": "Tomáš Blažek",
        "user": [],
        "archived": false,
        "itemList": [
            {
                "name": "Soap",
                "amount": 5,
                "id": 1,
                "resolved": false
            },
            {
                "name": "Shampoo",
                "amount": 3,
                "id": 2,
                "resolved": false
            },
            {
                "name": "Toothpaste",
                "amount": 7,
                "id": 3,
                "resolved": true
            },
            {
                "name": "Toothbrush",
                "amount": 2,
                "id": 4,
                "resolved": false
            },
            {
                "name": "Razor",
                "amount": 1,
                "id": 5,
                "resolved": true
            }
        ]
    },
    {
        "id": "17",
        "name": "Pet list",
        "owner": "9957-2503-7732-0000",
        "ownerName": "Tomáš Blažek",
        "user": [],
        "archived": false,
        "itemList": [
            {
                "name": "Dog food",
                "amount": 5,
                "id": 1,
                "resolved": false
            },
            {
                "name": "Cat food",
                "amount": 3,
                "id": 2,
                "resolved": false
            },
            {
                "name": "Fish food",
                "amount": 7,
                "id": 3,
                "resolved": true
            },
            {
                "name": "Bird food",
                "amount": 2,
                "id": 4,
                "resolved": false
            },
            {
                "name": "Hamster food",
                "amount": 1,
                "id": 5,
                "resolved": true
            },
            {
                "name": "Rabbit food",
                "amount": 1,
                "id": 6,
                "resolved": true
            },
            {
                "name": "Turtle food",
                "amount": 1,
                "id": 7,
                "resolved": true
            },
            {
                "name": "Snake food",
                "amount": 1,
                "id": 8,
                "resolved": true
            },
            {
                "name": "Spider food",
                "amount": 1,
                "id": 9,
                "resolved": true
            },
            {
                "name": "Scorpion food",
                "amount": 1,
                "id": 10,
                "resolved": true
            },
            {
                "name": "Lizard food",
                "amount": 1,
                "id": 11,
                "resolved": true
            },
            {
                "name": "Frog food",
                "amount": 1,
                "id": 12,
                "resolved": true
            },
            {
                "name": "Horse food",
                "amount": 1,
                "id": 13,
                "resolved": true
            },
            {
                "name": "Cow food",
                "amount": 1,
                "id": 14,
                "resolved": true
            },
            {
                "name": "Pig food",
                "amount": 1,
                "id": 15,
                "resolved": true
            },
            {
                "name": "Chicken food",
                "amount": 1,
                "id": 16,
                "resolved": true
            },
            {
                "name": "Duck food",
                "amount": 1,
                "id": 17,
                "resolved": true
            },
            {
                "name": "Goose food",
                "amount": 1,
                "id": 18,
                "resolved": true
            },
            {
                "name": "Sheep food",
                "amount": 1,
                "id": 19,
                "resolved": true
            },
            {
                "name": "Goat food",
                "amount": 1,
                "id": 20,
                "resolved": true
            },
            {
                "name": "Donkey food",
                "amount": 1,
                "id": 21,
                "resolved": true
            },
            {
                "name": "Mule food",
                "amount": 1,
                "id": 22,
                "resolved": true
            },
            {
                "name": "Pigeon food",
                "amount": 1,
                "id": 23,
                "resolved": true
            },
            {
                "name": "Parrot food",
                "amount": 1,
                "id": 24,
                "resolved": true
            },
            {
                "name": "Penguin food",
                "amount": 1,
                "id": 25,
                "resolved": true
            },
            {
                "name": "Ostrich food",
                "amount": 1,
                "id": 26,
                "resolved": true
            },
            {
                "name": "Eagle food",
                "amount": 1,
                "id": 27,
                "resolved": true
            },
            {
                "name": "Falcon food",
                "amount": 1,
                "id": 28,
                "resolved": true
            },
            {
                "name": "Hawk food",
                "amount": 1,
                "id": 29,
                "resolved": true
            },
            {
                "name": "Owl food",
                "amount": 1,
                "id": 30,
                "resolved": false
            }
        ]
    },
    {
        "id": "18",
        "name": "Dress list",
        "owner": "9957-2503-7732-0000",
        "ownerName": "Tomáš Blažek",
        "user": [],
        "archived": true,
        "itemList": [
            {
                "name": "T-shirt",
                "amount": 5,
                "id": 1,
                "resolved": false
            }
        ]
    }
]
